source,author,body,url,externalId,postedAt,sentiment,tags
twitter,acme_fan_99,Loving the new Acme widget release this week!,https://twitter.com/acme_fan_99/status/9001,t9001,2025-04-12T09:30:00Z,positive,launch|praise
reddit,r_acme_user,"Anyone else having shipping delays from Acme lately? Pretty frustrating, honestly.",https://reddit.com/r/acme/comments/9002,r9002,2025-04-13T14:22:00Z,negative,complaint|support
instagram,acmedaily,Quick tutorial on getting started with Acme. Hope this helps newbies!,https://instagram.com/p/9003,i9003,2025-04-14T18:00:00Z,positive,tutorial|launch
news,techreporter,Acme Corp announces Q1 earnings beat analyst expectations.,https://example.com/news/acme-earnings-q1,n9004,2025-04-15T11:15:00Z,neutral,press
twitter,grumpy_user,The Acme support team took 4 days to respond to my ticket. Not great.,https://twitter.com/grumpy_user/status/9005,t9005,2025-04-16T08:45:00Z,negative,support|complaint
reddit,acme_pro,Pro tip: enable dark mode in the Acme settings - total game changer.,https://reddit.com/r/acme/comments/9006,r9006,2025-04-17T20:30:00Z,positive,tutorial|praise
twitter,bot_account_42,New Acme firmware out now - check the changelog before updating.,https://twitter.com/bot_account_42/status/9007,t9007,2025-04-18T02:00:00Z,neutral,launch
news,marketblog,Acme stock dips 3% on rumours of supply chain issues.,https://example.com/news/acme-supply,n9008,2025-04-19T10:00:00Z,negative,press|complaint
instagram,acmeofficial,Behind the scenes at our Acme factory tour - link in bio.,https://instagram.com/p/9009,i9009,2025-04-20T12:00:00Z,positive,launch
reddit,question_guy,How do I reset my Acme device to factory defaults? Tried everything online.,https://reddit.com/r/acme/comments/9010,r9010,2025-04-21T17:33:00Z,neutral,support|question
facebook,bad_source_row,This row has an invalid source value and should be rejected,https://facebook.com/post/9011,f9011,2025-04-22T13:00:00Z,neutral,test
